date,3D_printing,autonomous_cars,cloud_computing,drones,electric_cars,smartphones,solar_tech
1985-01-01,0,5.098204157585491e-5,0,4.333473533947667e-4,1.5294612472756472e-4,1.2745510393963727e-5,4.333473533947667e-4
1985-02-01,0,1.1853334738173006e-4,0,3.0291855441997684e-4,1.317037193130334e-4,0,3.1608892635128015e-4
1985-03-01,0,4.636713497472991e-5,0,2.7820280984837946e-4,6.955070246209486e-5,1.1591783743682478e-5,3.013863773357444e-4
1985-04-01,0,3.255208333333333e-5,0,3.0381944444444445e-4,9.765625e-5,1.0850694444444445e-5,4.0147569444444443e-4
1985-05-01,0,1.0402904490933868e-5,0,1.7684937634587577e-4,1.1443194940027255e-4,0,2.3926680329147898e-4
1985-06-01,0,6.144204479125065e-5,0,3.0721022395625326e-4,5.1201703992708875e-5,0,4.4033465433729633e-4
1985-07-01,0,6.405153403424012e-5,9.150219147748588e-6,2.8365679358020624e-4,8.23519723297373e-5,9.150219147748588e-6,1.738541638072232e-4
1985-08-01,0,9.686935846065783e-5,0,4.2270265510105235e-4,6.16441372022368e-5,0,4.755404869886839e-4
1985-09-01,0,1.1261651477875186e-4,0,2.945355001905818e-4,1.1261651477875186e-4,0,4.937801032606812e-4
1985-10-01,0,1.3545139176305036e-4,0,2.2575231960508395e-4,3.762538660084732e-5,0,3.1605324744711754e-4
1985-11-01,0,9.894735239718989e-5,0,1.9789470479437979e-4,6.850201319805455e-5,0,3.196760615909212e-4
1985-12-01,0,6.961525966491854e-5,0,1.6243560588480996e-4,8.508531736823379e-5,7.735028851657616e-6,3.094011540663047e-4
1986-01-01,0,5.806189397898159e-5,1.2902643106440354e-5,2.9030946989490797e-4,8.38671801918623e-5,6.451321553220177e-6,2.6450418368202726e-4
1986-02-01,0,8.31053706845805e-5,0,3.32421482738322e-4,9.695626579867724e-5,6.925447557048374e-6,2.562415596107898e-4
1986-03-01,0,4.257959342571077e-5,0,2.8589155585834376e-4,1.1557318215550067e-4,0,3.163055511624229e-4
1986-04-01,0,4.3097609929689326e-5,0,2.339584539040278e-4,8.003841844085161e-5,6.156801418527047e-6,3.694080851116228e-4
1986-05-01,6.072050956651629e-6,6.072050956651628e-5,0,3.703951083557493e-4,6.072050956651628e-5,6.072050956651629e-6,3.5825100644244605e-4
1986-06-01,0,2.5212573510409643e-5,0,4.5382632318737357e-4,9.454715066403615e-5,0,1.764880145728675e-4
1986-07-01,0,1.317106580264475e-4,0,3.622043095727306e-4,9.219746061851325e-5,0,2.5683578315157263e-4
1986-08-01,0,5.2133566196595675e-5,0,3.844850506998931e-4,5.2133566196595675e-5,6.516695774574459e-6,3.193180929541485e-4
1986-09-01,0,3.226181104902505e-5,0,4.1295118142752063e-4,2.580944883922004e-5,0,3.2261811049025046e-4
1986-10-01,0,4.566131858472743e-5,0,3.938288727932741e-4,5.136898340781836e-5,0,1.940606039850916e-4
1986-11-01,0,9.601536245799327e-5,0,3.1805088814210273e-4,4.800768122899664e-5,0,1.800288046087374e-4
1986-12-01,0,4.2242471788063484e-5,0,2.051777201134512e-4,1.1465813771045803e-4,6.034638826866212e-6,1.99143081286585e-4
1987-01-01,0,4.62064504204787e-5,0,2.4258386470751316e-4,2.8879031512799188e-5,0,1.848258016819148e-4
1987-02-01,0,2.3550607311286038e-5,0,4.592368425700778e-4,7.653947376167963e-5,5.8876518278215095e-6,1.5896659935118077e-4
1987-03-01,0,4.205457632642762e-5,0,2.470706359177623e-4,6.308186448964143e-5,5.256822040803453e-6,2.3130016979535192e-4
1987-04-01,0,2.1512431496350955e-5,0,2.3663674645986048e-4,9.68059417335793e-5,0,2.5814917795621145e-4
1987-05-01,0,5.1771088953085035e-6,0,4.348771472059143e-4,5.694819784839354e-5,1.0354217790617007e-5,1.656674846498721e-4
1987-06-01,0,2.7321807173613693e-5,0,5.40971782037551e-4,8.742978295556382e-5,0,2.2403881882363227e-4
1987-07-01,0,8.235833080253046e-5,0,4.01496862662336e-4,7.721093512737231e-5,5.1473956751581535e-6,2.2648540970695877e-4
1987-08-01,0,1.4216437360797384e-4,0,3.4751291326393606e-4,4.738812453599128e-5,0,2.632673585332849e-4
1987-09-01,0,4.0637397581058906e-5,0,3.5557722883426543e-4,6.603577106922072e-5,0,2.1334633730055928e-4
1987-10-01,0,9.675250226158975e-6,0,3.4830900814172307e-4,9.191487714851025e-5,0,2.4188125565397436e-4
1987-11-01,0,1.428034970989734e-4,0,2.856069941979468e-4,4.2312147288584714e-5,0,3.279191414865315e-4
1987-12-01,0,4.733080551772013e-5,0,2.3665402758860064e-4,4.207182712686233e-5,0,2.8924381149717855e-4
1988-01-01,0,5.295794176552149e-5,0,3.033045755661685e-4,6.258665845016176e-5,0,2.7441842551224774e-4
1988-02-01,0,4.4038636563811985e-5,0,3.572022743509194e-4,6.850454576592976e-5,0,1.7615454625524794e-4
1988-03-01,0,5.4153090787656704e-5,0,2.707654539382835e-4,5.4153090787656704e-5,0,1.7148478749424623e-4
1988-04-01,0,2.7749257707356328e-5,0,2.5436819565076635e-4,5.087363913015327e-5,0,1.7574529881325674e-4
1988-05-01,0,4.577455118052567e-5,0,2.700698519651015e-4,4.577455118052567e-5,0,1.830982047221027e-4
1988-06-01,0,5.062825056381461e-5,0,2.807566622175174e-4,3.221797763151839e-5,0,2.3933354811985088e-4
1988-07-01,0,3.715124270906862e-5,0,5.386930192814949e-4,6.03707694022365e-5,0,3.343611843816176e-4
1988-08-01,0,2.2682629188914546e-5,0,2.8126460194254034e-4,5.443831005339491e-5,0,2.6765502442919163e-4
1988-09-01,0,3.055500993037823e-5,4.365001418625461e-6,2.357100766057749e-4,1.0912503546563653e-4,4.365001418625461e-6,4.5396014753704795e-4
1988-10-01,0,8.89466053528067e-6,0,2.4460316472021845e-4,6.226262374696469e-5,0,2.890764673966218e-4
1988-11-01,0,6.702203237610978e-5,0,2.904288069631424e-4,1.2063965827699759e-4,0,1.7425728417788542e-4
1988-12-01,0,3.2309879437992724e-5,0,2.123220648782379e-4,7.846685006369662e-5,9.23139412514078e-6,2.4463194431623066e-4
1989-01-01,0,1.9624851341751087e-5,0,2.8652282958956587e-4,7.064946483030391e-5,0,2.276482755643126e-4
1989-02-01,0,3.2942687958623985e-5,0,2.017739637465719e-4,7.000321191207597e-5,0,2.223631437207119e-4
1989-03-01,0,1.4396464228385509e-5,0,2.375416597683609e-4,1.2956817805546958e-4,0,3.347177933099631e-4
1989-04-01,0,3.33044694598015e-5,0,2.66435755678412e-4,5.180695249302456e-5,0,3.6634916405781657e-4
1989-05-01,0,3.2468352375420734e-5,0,2.6696200842012607e-4,7.93670835843618e-5,0,2.8860757667040655e-4
1989-06-01,0,2.5964102773337093e-5,0,3.7462491144386374e-4,8.901978093715574e-5,0,2.7076850035051537e-4
1989-07-01,0,3.786372844133962e-5,0,2.4232786202457355e-4,1.4388216807709056e-4,0,2.9155070899831504e-4
1989-08-01,0,6.671460234390636e-5,0,3.298666449226481e-4,1.8531833984418433e-4,0,3.5210484570395023e-4
1989-09-01,0,2.573141548516584e-5,0,2.683419043453009e-4,1.0660157843854419e-4,3.675916497880834e-6,3.6391573329020257e-4
1989-10-01,0,2.0574085567621876e-5,0,2.3660198402765157e-4,1.371605704508125e-4,3.4290142612703124e-6,3.8404959726227503e-4
1989-11-01,0,3.834048441459308e-5,0,2.4747039940328265e-4,1.7078943057409647e-4,3.485498583144826e-6,3.485498583144826e-4
1989-12-01,0,4.050834287734442e-5,0,2.6882809364055845e-4,1.1047729875639387e-4,0,2.872409767666241e-4
1990-01-01,0,1.663793849286898e-5,0,1.9632767421585396e-4,4.192760500202983e-4,9.982763095721388e-6,3.793449976374127e-4
1990-02-01,0,2.1290185224611454e-5,0,2.8741750053225463e-4,1.6677311759278972e-4,0,2.5903058689943936e-4
1990-03-01,0,4.2955062867802725e-05,0,2.7000325231190287e-4,1.8102490780002578e-4,3.068218776271623e-6,3.467087217186934e-4
1990-04-01,0,2.795517232810675e-5,0,3.3856819819595956e-4,4.441766269910295e-4,3.106130258678528e-6,0.0010374475063986283
1990-05-01,0,1.7990141402511423e-5,0,3.208241883447871e-4,1.9789155542762567e-4,0,2.998356900418571e-4
1990-06-01,0,3.745330041604375e-5,0,3.2771637864038275e-4,1.5917652676818592e-4,6.242216736007291e-6,4.057440878404739e-4
1990-07-01,0,3.0791305766903656e-5,0,4.064452361231283e-4,2.0322261806156414e-4,9.237391730071097e-6,5.111356757306007e-4
1990-08-01,0,3.239390994493035e-5,0,2.9449009040845775e-4,2.1792266690225874e-4,2.9449009040845774e-6,7.097211178843832e-4
1990-09-01,0,1.768409139138431e-5,2.9473485652307182e-6,2.7999811369691825e-4,4.3031289052368487e-4,1.1789394260922873e-5,6.454693357855274e-4
1990-10-01,0,8.06998289163627e-6,0,2.2326952666860346e-4,0.00030396935558496617,0,4.6267901912047947e-4
1990-11-01,0,1.6677414333681707e-5,0,2.0568811011540772e-4,3.168708723399524e-4,5.559138111227235e-6,3.919192368415201e-4
1990-12-01,0,2.0972714498437532e-5,0,1.498051035602681e-4,2.2470765534040213e-4,2.996102071205362e-6,4.1945428996875066e-4
1991-01-01,0,1.8867619391600137e-5,0,3.207495296572023e-4,2.8570966507280205e-4,0,4.2317374921160307e-4
1991-02-01,0,2.915264910122383e-5,0,4.1396761723737834e-4,3.5857758394505307e-4,0,4.6644238561958126e-4
1991-03-01,0,2.6020118755822e-5,0,3.3565953195010385e-4,3.9030178133733003e-4,2.6020118755822003e-6,3.2004746069661064e-4
1991-04-01,0,2.729473675591136e-5,0,2.838652622614781e-4,3.766673672315767e-4,2.7294736755911356e-6,5.458947351182271e-4
1991-05-01,0,2.3763380103185878e-5,0,2.7723943453716854e-4,3.300469458775816e-4,5.280751134041306e-6,3.2476619474354035e-4
1991-06-01,0,5.841170236734285e-5,0,2.892770022001741e-4,2.392098287424517e-4,0,3.6994078165983806e-4
1991-07-01,0,2.8180445025587844e-5,0,2.4235182722005545e-4,3.099848952814663e-4,1.972631151791149e-5,3.804360078454359e-4
1991-08-01,0,2.1515845075157536e-5,0,3.2004819549296835e-4,3.4963248247131e-4,2.689480634394692e-6,3.1197975358978426e-4
1991-09-01,0,2.725025819619641e-5,0,3.270030983543569e-4,3.3790320163283545e-4,2.725025819619641e-6,4.332791053195229e-4
1991-10-01,2.512543875297422e-6,2.2612894877676802e-5,0,3.3165579153925974e-4,4.5477044142883344e-4,1.7587807127081956e-5,3.5175614254163913e-4
1991-11-01,0,3.1603481650228465e-5,0,3.292029338565465e-4,3.2393568691484176e-4,1.0534493883409488e-5,2.765304644394991e-4
1991-12-01,2.7559369772332046e-6,5.511873954466409e-5,2.7559369772332046e-6,3.2795650029075133e-4,2.452783909737552e-4,8.267810931699614e-6,2.0945121026972355e-4
1992-01-01,0,2.6644661108366164e-4,0,2.6644661108366164e-4,4.2165822919064904e-4,5.173720603566245e-6,2.3281742716048105e-4
1992-02-01,0,4.204927123356793e-5,0,2.549237068535056e-4,3.653030438416214e-4,7.884238356293988e-6,2.759483424702896e-4
1992-03-01,0,2.6650708545428554e-5,0,2.1320566836342843e-4,5.233230041647789e-4,9.691166743792203e-6,2.447019602807531e-4
1992-04-01,0,1.999720039194513e-5,0,3.524506569080329e-4,6.449097126402304e-4,9.998600195972564e-6,3.1245625612414264e-4
1992-05-01,0,2.7496219269850397e-5,0,3.099573808601317e-4,4.174426016422742e-4,5.749209483695992e-5,3.5745085050805514e-4
1992-06-01,0,4.006185550489956e-5,0,3.0714089220423e-4,2.991285211032501e-4,2.1366322935946435e-5,3.525443284431162e-4
1992-07-01,0,2.3296567897847138e-5,0,2.795588147741657e-4,5.021704635758161e-4,7.765522632615712e-6,3.15797920393039e-4
1992-08-01,0,2.5343595800059304e-5,0,2.8638263254067013e-4,2.91451351700682e-4,7.6030787400177916e-6,3.2946674540077094e-4
1992-09-01,2.5358505876833736e-6,3.2966057639883856e-5,0,3.2205302463578846e-4,4.0066439285397305e-4,5.071701175366747e-6,3.068379211096882e-4
1992-10-01,0,1.929873231452109e-5,0,3.0395503395370715e-4,4.3663381861603967e-4,1.2061707696575682e-5,2.967180093357618e-4
1992-11-01,2.5583888290510168e-6,2.5583888290510168e-5,0,3.172402148023261e-4,3.5817443606714236e-4,1.0233555316204067e-5,2.430469387598466e-4
1992-12-01,0,4.024387790007445e-5,0,1.987041471316176e-4,4.955027466446667e-4,7.5457271062639595e-6,1.7103648107531642e-4
1993-01-01,0,6.366089311336046e-5,0,2.4974658067549105e-4,4.2848678057069543e-4,1.7139471222827817e-5,2.693345477872943e-4
1993-02-01,0,2.312507065993813e-5,0,2.029867313483458e-4,3.2888989383023115e-4,1.2847261477743404e-5,3.2632044153468247e-4
1993-03-01,0,2.7509307315641793e-5,0,2.8197039998532837e-4,4.4244135932657215e-4,1.1462211381517414e-5,3.0718726502466665e-4
1993-04-01,0,1.9056739058454164e-5,0,2.858510858768125e-4,4.1448407452137807e-4,1.9056739058454164e-5,3.73988504022163e-4
1993-05-01,0,1.8542813037451847e-5,0,3.407241895631777e-4,5.307880231970591e-4,1.1589258148407404e-5,3.013207118585925e-4
1993-06-01,0,2.956021785880562e-5,0,3.10382287517459e-4,5.71497545270242e-4,4.926702976467603e-6,6.478614414054899e-4
1993-07-01,0,2.9189694092005914e-5,0,3.6000622713473963e-4,2.602747723203861e-4,4.864949015334319e-6,2.8703199190472484e-4
1993-08-01,0,4.09879543635294e-5,0,3.6648053313273346e-4,2.1940610865183385e-4,3.857689822449826e-5,3.3754785946435976e-4
1993-09-01,2.3770359312751373e-6,3.5655538969127056e-5,0,3.3040799444724407e-4,4.278664676295247e-4,1.1885179656375685e-5,3.137687429283181e-4
1993-10-01,0,3.756424590881169e-5,0,2.585303983135863e-4,4.1320670499692857e-4,8.838646096190985e-6,2.6957870593382504e-4
1993-11-01,0,1.6093026891447934e-5,0,3.3795356472040666e-4,3.448505762453129e-4,4.598007683270839e-6,4.942858259516152e-4
1993-12-01,0,1.8520619236904187e-5,0,2.477132822935935e-4,5.04686874205639e-4,2.3150774046130234e-6,0.0013242242754386492
1994-01-01,0,2.3636694550087337e-5,0,2.8364033460104803e-4,4.5146086590666814e-4,2.363669455008734e-6,3.9000546007644105e-4
1994-02-01,0,2.4681972780720417e-5,0,2.246059523045558e-4,5.380670066197051e-4,7.4045918342161256e-6,2.838426869782848e-4
1994-03-01,0,1.9564494355643377e-5,2.1738327061825975e-6,2.760767536851899e-4,3.804207235819546e-4,1.0869163530912989e-5,3.0433657886556366e-4
1994-04-01,0,3.8488184127472866e-5,0,3.9846590626089557e-4,4.0072991709192335e-4,2.0376097479250342e-5,2.626252563992266e-4
1994-05-01,0,3.3089062520680664e-5,0,2.955956251847473e-4,5.382487503364055e-4,2.647125001654453e-5,3.2427281270267053e-4
1994-06-01,0,2.4911281866624997e-5,0,3.8952186191449994e-4,4.5519705956287494e-4,2.0381957890874998e-5,3.5781659408424995e-4
1994-07-01,0,2.2965645690611416e-5,0,4.317541389834946e-4,4.4553352639786146e-4,1.3779387414366849e-05,2.572152317348478e-4
1994-08-01,0,5.2167088917668994e-5,0,4.4228618864980234e-4,3.855828311305969e-4,1.3608805804609303e-5,2.676398474906496e-4
1994-09-01,0,2.6750723384144845e-5,0,2.9871641112295076e-4,4.124069855055664e-4,6.687680846036211e-6,4.034900777108514e-4
1994-10-01,0,5.326061484053772e-5,0,3.238245382304693e-4,3.77085153071007e-4,1.0652122968107543e-5,3.2595496282409084e-4
1994-11-01,0,4.657899464785171e-5,0,3.038724888931278e-4,3.7706805191118053e-4,6.654142092550245e-6,2.861281099796605e-4
1994-12-01,0,2.9324587087256437e-5,0,3.0452455821381683e-4,3.9475405694383667e-4,1.1278687341252475e-5,2.5489833391230594e-4
1995-01-01,0,1.9420241069925815e-5,2.1578045633250904e-6,3.7545799401856575e-4,2.546209384723607e-4,6.473413689975272e-6,2.3520069740243487e-4
1995-02-01,0,2.277748673211398e-5,0,3.097738195567501e-4,2.7560758945857915e-4,9.110994692845592e-6,3.052183222103273e-4
1995-03-01,0,3.356738356067008e-5,0,2.4681899676963297e-4,3.4752114745164323e-4,1.9745519741570638e-5,2.5866630861457536e-4
1995-04-01,0,3.1456366873509753e-05,2.0970911249006503e-6,3.606996734829119e-4,4.110298604805275e-4,6.291273374701951e-6,3.4392294448370666e-4
1995-05-01,0,8.124483333638e-6,0,3.270104541789296e-4,5.159046916860131e-4,1.6248966667276e-5,2.8435691667733006e-4
1995-06-01,2.0776673613001212e-6,1.869900625170109e-5,0,3.635917882275212e-4,4.7578582573772776e-4,4.1553347226002425e-6,4.217664743439246e-4
1995-07-01,0,3.859853025374245e-5,0,3.602529490349295e-4,4.1386201883179406e-4,1.5010539543122064e-5,3.3452059553243455e-4
1995-08-01,0,2.9104697914024723e-5,4.1578139877178175e-6,3.762821658884625e-4,2.95204793127965e-4,1.0394534969294543e-5,2.868891651525294e-4
1995-09-01,0,2.0618386652481216e-5,2.0618386652481216e-6,2.680390264822558e-4,4.082440557191281e-4,6.185515995744365e-6,2.1443122118580465e-4
1995-10-01,0,3.6612249302440306e-5,0,3.6226857204519876e-4,3.33364164701167e-4,1.1561762937612727e-5,2.5243182413787785e-4
1995-11-01,0,7.960103958957704e-6,0,2.726335605943014e-4,3.462645222146601e-4,5.970077969218278e-6,4.417857697221526e-4
1995-12-01,0,1.854312822573168e-5,0,3.09052137095528e-4,5.480524564494031e-4,4.120695161273707e-6,2.575434475796067e-4
1996-01-01,1.9050485692132722e-6,3.619592281505217e-5,0,2.9909262536648374e-4,6.85817484916778e-4,1.7145437122919447e-5,3.5243398530445535e-4
1996-02-01,0,2.518818480377435e-5,0,2.7513248016430446e-4,3.8363543008825555e-4,7.750210708853647e-6,2.9063290158201177e-4
1996-03-01,0,1.5935267402639943e-5,0,2.69128960577919e-4,4.0369344086687854e-4,1.947643793655993e-5,2.6027603424311907e-4
1996-04-01,0,2.4209648103453413e-5,0,2.9982718035815383e-4,3.9107893090193973e-4,1.6760525610083132e-5,2.8492893537141324e-4
1996-05-01,0,1.2393416617093e-5,0,4.6917934336137787e-4,3.5232712954307244e-4,2.3016345146029857e-5,2.60261748958953e-4
1996-06-01,0,2.0700427181542745e-5,1.881857016503886e-6,3.6319840418525e-4,2.8604226650859066e-4,3.199156928056606e-5,3.293249778881801e-4
1996-07-01,0,2.758757676243234e-5,0,3.6231684147994476e-4,3.4208595185416103e-4,2.2070061409945875e-5,3.5496015434329615e-4
1996-08-01,0,3.7965964416851826e-5,3.615806134938269e-6,3.9954657791067876e-4,3.977386748432096e-4,4.158177055179009e-5,2.8384078159265414e-4
1996-09-01,0,1.0983579548574881e-5,0,3.24015596682959e-4,2.892342614458052e-4,2.74589488714372e-5,2.507917330257931e-4
1996-10-01,0,2.2170906994750612e-5,0,2.796945190107e-4,2.9504360846860426e-4,1.8759998226327442e-5,3.155090610791433e-4
1996-11-01,0,1.9499777525265506e-5,0,2.55269814876203e-4,4.059499139350728e-4,6.0272039623547934e-5,2.534971078284516e-4
1996-12-01,0,4.082723399201271e-5,0,2.3754027049898303e-4,5.919948928841843e-4,2.7836750449099573e-5,3.099158216666419e-4
1997-01-01,0,2.2658386478869313e-5,3.48590561213374e-6,2.6667177932823113e-4,3.834496173347114e-4,3.8344961733471145e-5,2.5447110968576306e-4
1997-02-01,1.8365506640048926e-6,1.8365506640048926e-5,0,2.8282880225675343e-4,2.2589573167260178e-4,2.020205730405382e-5,5.803500098255461e-4
1997-03-01,0,2.2655701307233964e-5,0,3.123250251640111e-4,3.3174419771306876e-4,2.2655701307233964e-5,2.848145307195127e-4
1997-04-01,0,3.3331555650365315e-5,0,3.0831688976587913e-4,2.966508452882513e-4,1.1666044477627859e-5,2.483200895952216e-4
1997-05-01,0,2.2737312579580593e-5,0,2.3874178208559623e-4,5.927942208247798e-4,1.2992750045474626e-5,3.800379388301328e-4
1997-06-01,0,2.558417192563534e-5,0,3.6329524134402183e-4,3.5135596111205867e-4,1.7056114617090227e-6,9.380863039399625e-4
1997-07-01,0,4.674142987227472e-5,0,3.704691108395107e-4,3.722002749088542e-4,1.558047662409157e-5,0.0015407360217157221
1997-08-01,0,3.189937258970859e-5,0,3.7607681368919603e-4,3.324250406717001e-4,2.0146972161921216e-5,0.0012037815866747926
1997-09-01,0,3.166397522877222e-5,1.6665250120406431e-6,4.1329820298607954e-4,4.0329905291383567e-4,9.165887566223537e-5,8.0326505580359e-4
1997-10-01,0,1.012843459752322e-4,0,3.5222765092879257e-4,7.286426083591331e-4,1.662877321981424e-5,0.0010279605263157894
1997-11-01,0,2.6821791285442236e-5,0,3.360612672823057e-4,3.8181608771041303e-4,2.9977296142553088e-5,7.462768987067163e-4
1997-12-01,0,2.5944669748677227e-5,3.2430837185846534e-6,2.724190323611109e-4,4.799763903505287e-4,2.7566211607969554e-5,4.134931741195433e-4
1998-01-01,0,3.168485665482805e-5,1.4402207570376388e-6,2.3907664566824802e-4,4.4934887619574326e-4,3.3125077411865694e-5,4.651913045231573e-4
1998-02-01,0,3.281319448380371e-5,0,2.729461177516399e-4,3.117253475961352e-4,3.132168564363081e-5,3.0128478571492495e-4
1998-03-01,1.343190561131289e-6,2.552062066149449e-5,0,3.089338290601964e-4,2.4311749156476328e-4,2.8207001783757064e-5,4.083299305839118e-4
1998-04-01,0,3.425203437323388e-5,0,3.056335374842408e-4,2.239556093634523e-4,1.9760789061481086e-5,6.310278640299626e-4
1998-05-01,0,3.357227842967682e-5,0,3.236367640620845e-4,3.370656754339553e-4,1.0743129097496582e-5,4.24353599351115e-4
1998-06-01,0,1.9889753935329886e-5,0,3.21077456384611e-4,2.713530715462863e-4,3.551741774166051e-5,4.659885207705859e-4
1998-07-01,0,6.249652797066829e-5,0,3.1803788678406753e-4,2.73595911338259e-4,4.444197544580857e-5,3.013721459918893e-4
1998-08-01,0,3.371435234026772e-5,0,2.5847670127538585e-4,2.9359581829649806e-4,1.1238117446755907e-5,3.1045299446663194e-4
1998-09-01,0,3.415216565712865e-5,0,3.5791469608670827e-4,2.376990729736154e-4,4.2348685414839525e-5,3.2922687693472016e-4
1998-10-01,0,6.966123997007147e-5,3.8700688872261924e-6,3.6249645243685336e-4,2.4381433989525012e-4,3.7410665909853195e-5,3.663665213240796e-4
1998-11-01,0,2.290382817278648e-5,0,3.2604273045966635e-4,2.1152358959573397e-4,6.601691649803161e-5,5.402608880757282e-4
1998-12-01,0,1.6869309243959732e-5,0,3.14893772553915e-4,3.6269014874513425e-4,3.9361721569239375e-5,4.2735583418031323e-4
1999-01-01,0,3.180349679447255e-5,0,3.2201040504403457e-4,2.5972855715485917e-4,3.180349679447255e-5,3.6441506743666464e-4
1999-02-01,1.359621155161326e-6,2.583280194806519e-5,0,2.515299137048453e-4,2.42012565618716e-4,6.254257313742098e-5,3.5486112149710604e-4
1999-03-01,0,2.096963596711961e-5,0,2.615036955899622e-4,3.0344296752420145e-4,7.894451187621501e-5,3.194785714990576e-4
1999-04-01,0,1.638966039362921e-5,0,4.689964358792359e-4,4.3117414266316854e-4,4.916898118088764e-5,3.744407028390674e-4
1999-05-01,0,1.728444141006473e-5,0,3.407504163698475e-4,2.7037804777172683e-4,5.8026339019503026e-5,3.901345346843182e-4
1999-06-01,0,3.256959797391045e-5,0,3.986518792006639e-4,2.9312638176519405e-4,6.51391959478209e-5,4.429465324451821e-4
1999-07-01,1.2804212073603734e-6,1.536505448832448e-5,0,2.77851401997201e-4,3.162640382180122e-4,4.481474225761306e-5,4.3790405291724765e-4
1999-08-01,0,2.4995813201288785e-5,1.2497906600644392e-6,3.0369913039565873e-4,3.099480836959809e-4,5.998995168309308e-5,4.499246376231981e-4
1999-09-01,0,2.4392058433615185e-5,1.0976426295126833e-5,2.5855581939632097e-4,3.073399362635513e-4,4.878411686723037e-5,2.475793931011941e-4
1999-10-01,1.1447856159976922e-6,1.9461355471960765e-5,3.434356847993076e-6,3.171056156313607e-4,3.045129738553861e-4,1.0875463351978075e-4,3.045129738553861e-4
1999-11-01,0,2.2899208531039877e-5,1.2052215016336777e-6,0.0010075651753657547,2.530965153430723e-4,1.5547357371074443e-4,3.6036122898846964e-4
1999-12-01,0,2.5501808806867515e-5,6.071859239730361e-6,3.2545165524954737e-4,3.2909477079338554e-4,2.2708753556591548e-4,3.3273788633722377e-4
2000-01-01,0,2.0948135906850623e-5,0,2.8163604941432505e-4,4.573676339662386e-4,1.7922294053638867e-4,3.2585989188434303e-4
2000-02-01,0,2.7915708518129508e-5,2.326309043177459e-6,2.558939947495205e-4,2.7450446709494016e-4,2.2914144075297972e-4,3.6174105621409485e-4
2000-03-01,0,1.2681437018171442e-5,3.1703592545428604e-6,2.5996945887251456e-4,4.279984993632862e-4,2.3037943916344786e-4,3.529666636724385e-4
2000-04-01,0,2.7390850314709456e-5,4.565141719118243e-6,2.8303878658533105e-4,4.2227560901843747e-4,2.3624608396436908e-4,4.017324712824054e-4
2000-05-01,0,2.1872361646376406e-5,2.187236164637641e-6,2.6903004825042977e-4,3.171492438724579e-4,1.9685125481738765e-4,3.3136627894260256e-4
2000-06-01,0,2.8403797474107098e-5,3.4084556968928518e-6,3.044887089224281e-4,3.7038551906235656e-4,2.794933671452138e-4,3.5675169627478516e-4
2000-07-01,0,2.4047793271427444e-5,3.435399038775349e-6,3.172018445802572e-4,3.870549583686893e-4,2.0039827726189534e-4,3.847646923428391e-4
2000-08-01,0,5.219868310179489e-5,3.195837740926218e-6,2.9934346840008904e-4,3.6965189870046585e-4,2.5034062303922036e-4,3.600643854776872e-4
2000-09-01,2.04156837365601e-6,4.5935288407260225e-5,2.04156837365601e-6,2.5825839926748526e-4,4.0423053798388996e-4,2.05177621552429e-4,4.471034738306662e-4
2000-10-01,9.703631681193004e-7,2.619980553922111e-5,5.822179008715802e-6,3.357456561692779e-4,3.774712723984078e-4,2.0474662847317236e-4,5.928918957208925e-4
2000-11-01,0,2.1768944423884887e-5,4.947487369064747e-6,2.5331135329611506e-4,3.067442168820143e-4,2.899227598271942e-4,4.551688379539567e-4
2000-12-01,1.0464651453854027e-6,1.2557581744624832e-5,5.232325726927013e-6,2.5010516974711126e-4,2.762667983817463e-4,2.773132635271317e-4,8.622872797975718e-4
2001-01-01,5.225261001787039e-6,1.881093960643334e-5,7.315365402501855e-6,2.4349716268327602e-4,2.9783987710186124e-4,1.9437970926647786e-4,3.9816488833617237e-4
2001-02-01,0,2.729635866575399e-5,7.34901964077992e-6,3.0445938511802523e-4,3.8634846111528724e-4,1.7742633132740093e-4,7.75846502076623e-4
2001-03-01,4.763923758164175e-6,1.810291028102386e-5,2.8583542548985045e-6,2.6582694570556094e-4,2.905993492480146e-4,2.4200732691474005e-4,7.136357789729933e-4
2001-04-01,0,1.4955745947740636e-5,9.970497298493756e-7,3.29026410850294e-4,2.901414713861683e-4,1.8146305083258638e-4,6.670262692692324e-4
2001-05-01,0,1.7190351628642564e-5,7.640156279396696e-6,2.616753525693368e-4,5.529563107213358e-4,1.661733990768781e-4,8.986733823640363e-4
2001-06-01,0,2.4283436268121514e-5,1.2141718134060757e-5,2.9443666475097337e-4,3.4603896682073156e-4,1.6492500465432528e-4,7.133259403760694e-4
2001-07-01,0,1.1848376328128933e-5,2.9620940820322333e-6,2.774494790170192e-4,3.2089352555349194e-4,1.3230686899743977e-4,7.918664845966171e-4
2001-08-01,0,5.2079917597997044e-5,2.8933287554442803e-6,3.61666094430535e-4,3.124795055879823e-4,1.1862647897321549e-4,5.526257922898576e-4
2001-09-01,0,1.5341232150236688e-5,4.794135046948965e-6,4.448957323568639e-4,1.8409478580284024e-4,8.15002957981324e-5,3.1449525907985206e-4
2001-10-01,0,1.7239329988903314e-5,6.3513321011749055e-6,5.498438933302847e-4,3.166592719014346e-4,9.799198098955569e-5,4.42778580767622e-4
2001-11-01,0,1.4868092145001069e-5,1.8585115181251336e-6,4.93434808062223e-4,2.732011931643946e-4,1.1894473716000855e-4,4.86930017748785e-4
2001-12-01,0,2.2566320453524173e-5,9.811443675445292e-7,3.5026853921339696e-4,2.9826788773353686e-4,7.751040503601781e-5,3.532119723160305e-4
2002-01-01,0,3.7675291019197355e-5,2.691092215656954e-6,4.009727401328861e-4,2.9691717446081727e-4,1.0226150419496425e-4,3.597093261594795e-4
2002-02-01,0,3.130063337752246e-5,4.603034320223892e-6,7.272794225953749e-4,2.2738989541906026e-4,1.1599646486964207e-4,3.9125791721903076e-4
2002-03-01,0,2.0945005118959252e-5,8.3780020475837e-7,3.803612929603e-4,2.848520696178458e-4,1.6923564136119075e-4,5.780821412832753e-4
2002-04-01,0,2.5623739245760816e-5,9.719349369081689e-6,2.977655215800481e-4,3.233892608258089e-4,1.042621114137854e-4,6.246890912673413e-4
2002-05-01,0,1.8712495268715684e-5,8.505679667598038e-7,3.8445672097543135e-4,3.308709390695637e-4,8.080395684218137e-5,4.652606778176127e-4
2002-06-01,0,2.8369027976437233e-5,2.7453898041713453e-6,4.465834081452055e-4,3.1480469754498094e-4,1.455056596210813e-4,3.9350587193122616e-4
2002-07-01,0,1.273782195982309e-5,6.368910979911545e-6,3.4119165963811845e-4,2.3928908395953375e-4,1.0281242010428636e-4,4.1124968041714546e-4
2002-08-01,0,2.803466486310323e-5,8.760832769719759e-7,2.8910748140075203e-4,2.2690556873574175e-4,7.884749492747782e-5,5.011196344279702e-4
2002-09-01,0,1.8353033712775022e-5,2.62186195896786e-6,4.0726255762634097e-4,3.0588389521291705e-4,7.253818086477748e-5,4.675653826826018e-4
2002-10-01,1.6529294455330822e-6,1.5702829732564282e-5,4.132323613832706e-6,3.562062955123792e-4,3.000066943642544e-4,9.504344311815223e-5,4.553820622443641e-4
2002-11-01,0,2.3496418054983297e-5,0,6.620954944779222e-4,2.4167744285125676e-4,1.0573388124742483e-4,4.069915270238178e-4
2002-12-01,4.409209957759769e-6,1.1463945890175398e-5,8.818419915519537e-7,7.010643832838032e-4,2.954170671699045e-4,7.231104330726021e-5,3.9330152823217136e-4
2003-01-01,8.08262381367289e-7,5.657836669571023e-5,8.08262381367289e-7,4.105972897345828e-4,3.386619377928941e-4,1.0669063434048214e-4,3.4431977446246513e-4
2003-02-01,0,4.876329441395075e-5,8.554963932272062e-7,4.6367904512914574e-4,3.421985572908825e-4,1.2917995537730813e-4,4.525575920171921e-4
2003-03-01,7.672559704023337e-7,2.3784935082472344e-5,7.672559704023337e-7,9.099655808971677e-4,3.820934732603622e-4,9.130346047787771e-5,3.8746426505317853e-4
2003-04-01,3.1551165736696058e-6,2.6029711732774246e-5,0,5.063962100739717e-4,4.3619486630982297e-4,7.414523948123573e-5,4.945645229227107e-4
2003-05-01,0,3.113455889335324e-5,0,4.42110736285616e-4,2.7242739031684086e-4,8.562003695672141e-5,4.265434568389394e-4
2003-06-01,1.6458494146536556e-6,4.690670831762919e-5,8.229247073268278e-7,4.287437725172773e-4,2.5181496044200934e-4,1.505952214408095e-4,5.390156832990723e-4
2003-07-01,1.6151161954968945e-6,3.0687207714441e-5,0,3.230232390993789e-4,2.786075437232143e-4,8.479360026358696e-5,4.651534643031056e-4
2003-08-01,8.009701350275453e-7,2.4830074185853906e-5,1.6019402700550906e-6,3.1718417347090797e-4,2.891502187449439e-4,9.211156552816771e-5,5.951208103254662e-4
2003-09-01,2.3936463052473514e-6,3.111740196821557e-5,3.1915284069964684e-6,3.909622298570674e-4,2.8723755662968215e-4,1.2446960787286228e-4,5.106445451194349e-4
2003-10-01,7.437803229940431e-7,1.933828839784512e-5,5.950242583952345e-6,3.1015639468851594e-4,3.0643749307354576e-4,1.279302155549754e-4,4.894074525300803e-4
2003-11-01,1.5620545703764161e-6,1.5620545703764162e-5,3.9051364259410405e-6,3.014765320826483e-4,3.6630179675326956e-4,1.9681887586742844e-4,4.912661623833829e-4
2003-12-01,4.071071131383236e-6,3.745385440872577e-5,4.885285357659883e-6,3.1835776247416905e-4,2.5973433818225045e-4,1.4085906114585996e-4,5.992616705396124e-4
2004-01-01,7.830344621297128e-7,2.270799940176167e-5,8.61337908342684e-6,2.7954330298030745e-4,3.727244039737433e-4,1.6913544382001795e-4,6.67928396196645e-4
2004-02-01,4.666827412944224e-6,2.566755077119323e-5,1.0111459394712484e-5,3.7256838846671386e-4,2.8778769046489377e-4,2.488974620236919e-4,4.091252032014436e-4
2004-03-01,1.415028594190317e-6,9.056183002818029e-5,6.367628673856427e-6,4.8606232210437393e-4,2.8442074743225375e-4,1.9173637451278796e-4,4.2592360685128546e-4
2004-04-01,1.4363853649567936e-6,2.8009514616657473e-5,8.618312189740762e-6,4.2660645339216767e-4,4.1080621437764297e-4,1.759572072072072e-4,4.718525923883067e-4
2004-05-01,2.9133687938871697e-6,3.131871453428707e-5,1.3110159572492264e-5,3.43777517678686e-4,4.224384751136396e-4,1.3984170210658414e-4,5.098395389302547e-4
2004-06-01,7.248089041324255e-7,3.769006301488612e-5,2.1744267123972763e-5,4.5735441850756046e-4,3.638540698744776e-4,2.0874496439013854e-4,7.081382993373797e-4
2004-07-01,0,2.2221472992481478e-5,3.8312884469795655e-6,4.4749449060721327e-4,3.3715338333420176e-4,1.0421104575784418e-4,4.973012404179476e-4
2004-08-01,7.120742152230074e-7,1.92260038110212e-5,1.4241484304460147e-6,3.382352522309285e-4,3.2826621321780644e-4,1.1321980022045818e-4,5.233745481889105e-4
2004-09-01,4.223942148888329e-6,3.097557575851441e-5,1.3375816804813041e-5,4.005705137862432e-4,3.4636325620884296e-4,2.604764325147803e-4,5.575603636532594e-4
2004-10-01,1.3283378972809587e-6,2.7895095842900134e-5,1.92608995105739e-5,4.728882914320213e-4,3.188010953474301e-4,2.3046662517824633e-4,5.665361131903289e-4
2004-11-01,1.3622196551949608e-6,1.7027745689937012e-5,1.8389965345131973e-5,4.795013186286262e-4,3.766537346614067e-4,2.370262200039232e-4,4.944857348357708e-4
2004-12-01,7.153244676018819e-7,1.6452462754843282e-5,1.7883111690047047e-5,3.2547263275885626e-4,3.068741966012073e-4,2.1030539347495326e-4,4.0201235079225764e-4
2005-01-01,3.3587817027007964e-6,1.9480933875664618e-5,2.0824446556744937e-5,3.264735815025174e-4,4.0977136772949715e-4,2.4451930795661795e-4,4.5276377352406735e-4
2005-02-01,2.045243513510197e-6,3.817787891885701e-5,5.249458351342839e-5,3.279207099994682e-4,2.638364132428154e-4,3.18376240269754e-4,4.60861538377631e-4
2005-03-01,4.2745585602309725e-6,1.0381070789132363e-5,1.709823424092389e-5,3.60284221505182e-4,3.352475213666863e-4,2.3754332570426407e-4,5.563032640529165e-4
2005-04-01,1.9439708715404606e-6,2.0087699005918095e-5,2.332765045848553e-5,3.47322795715229e-4,4.367454558060902e-4,2.429963589425576e-4,6.894616691063501e-4
2005-05-01,1.3283952454077376e-6,2.5903707285450882e-5,2.6567904908154754e-5,4.45676604834296e-4,5.081111813684596e-4,3.08851894557299e-4,5.499556315988034e-4
2005-06-01,6.770393610373326e-6,1.828006274800798e-5,2.4373416997343975e-5,4.4481486020152755e-4,4.542934112560502e-4,2.3290154019684243e-4,7.061520535619379e-4
2005-07-01,0,3.992071885308475e-5,3.4317810943879875e-5,5.035613483397884e-4,3.6418901409831703e-4,2.0100432124272498e-4,7.024645791165615e-4
2005-08-01,0,2.3503530230240582e-5,1.2087529832695156e-5,4.5261083929091866e-4,4.284357796255283e-4,1.2020376889180183e-4,7.91061674606383e-4
2005-09-01,2.61367014829311e-6,2.875037163122421e-5,1.1761515667318995e-5,4.5151151811763477e-4,5.29921622566428e-4,3.5676597524200953e-4,8.213458441011099e-4
2005-10-01,4.374994531256836e-6,1.1624985468768164e-4,6.0624924218844726e-5,4.3624945468818163e-4,5.262493421883223e-4,2.7687465390668263e-4,7.906240117199853e-4
2005-11-01,3.176184208520305e-6,3.8114210502243655e-5,4.827799996950863e-5,3.9638778922333404e-4,3.525564471457538e-4,2.4138999984754317e-4,7.946812889717802e-4
2005-12-01,3.933061908360968e-6,3.0153474630767425e-5,4.654123258227146e-5,4.319812996016464e-4,3.4020985507322377e-4,2.1959595655015408e-4,7.079511435049744e-4
2006-01-01,4.813463256729071e-6,2.0457218841098554e-5,5.4753144545293184e-5,5.270742266118333e-4,5.138372026558284e-4,3.122734287802985e-4,9.091428726147033e-4
2006-02-01,4.7208446535254085e-6,1.4752639542266903e-5,7.789393678316925e-5,3.682258829749819e-4,5.877451593639134e-4,4.1897496300038003e-4,8.969604841698276e-4
2006-03-01,2.495883040923996e-6,2.9451419882903152e-5,6.688966549676309e-5,2.915191391799227e-4,3.2546314853648905e-4,2.6705948537886757e-4,7.218093754352196e-4
2006-04-01,7.482081750294073e-6,1.2826425857646981e-5,8.764724336058771e-5,3.2547055613779214e-4,4.505282082498502e-4,2.709582462427925e-4,8.374587216222008e-4
2006-05-01,3.0525030525030525e-6,2.391127391127391e-5,9.615384615384615e-5,3.586691086691087e-4,4.3905168905168906e-4,2.960927960927961e-4,8.363858363858364e-4
2006-06-01,4.266464151834926e-6,2.1865628778153996e-5,1.0079521558710013e-4,4.346460354681831e-4,4.538451241514403e-4,3.2158473544455755e-4,8.650256067845313e-4
2006-07-01,2.163673224760211e-6,2.0554895635222003e-5,1.0223355986991996e-4,5.885191171347774e-4,6.301698267114114e-4,2.347585448864829e-4,8.968425516631075e-4
2006-08-01,7.5301204819277105e-6,1.857429718875502e-5,9.236947791164659e-5,5.421686746987952e-4,9.312248995983935e-4,2.4347389558232932e-4,9.8644578313253e-4
2006-09-01,3.0776648730719713e-6,3.2315481167255696e-5,9.848527593830308e-5,4.919134355460034e-4,6.237400809425862e-4,3.631644550224926e-4,0.0013213441188388996
2006-10-01,2.880142855085612e-6,2.6401309504951446e-5,1.3344661895230004e-4,4.142605473231472e-4,6.523523566768912e-4,2.889743331269231e-4,0.0011246957849109316
2006-11-01,5.921463627903121e-6,2.1712033302311444e-5,8.043321427901739e-5,3.587420047904641e-4,5.156607909298968e-4,3.5183363055791043e-4,0.0010653699977202365
2006-12-01,2.7475667548818766e-6,2.582712749588964e-5,7.967943589157442e-5,3.4124779095632906e-4,4.7258148183968276e-4,4.4675435434379313e-4,0.0015281966290652997
2007-01-01,6.930634742182863e-6,3.267299235600493e-5,1.0990006519747111e-4,2.896015231554982e-4,8.93556836402862e-4,0.0016975104664960741,0.0010296943045528825
2007-02-01,4.00615947018541e-6,2.553926662243199e-5,1.4872867033063336e-4,2.9244964132353493e-4,5.328192095346595e-4,9.199143683413248e-4,0.0013450680421147514
2007-03-01,8.559645864925185e-6,1.5767768698546392e-5,1.4100890293271487e-4,3.464404036909193e-4,5.406092125215905e-4,6.180965329830186e-4,0.0013893656761804877
2007-04-01,4.824366524492585e-6,3.473543897634661e-5,1.7415963153418233e-4,3.6954647577613204e-4,6.455002409771079e-4,5.277856977794888e-4,0.0017435260619516203
2007-05-01,5.965995660426541e-6,2.3405059898596432e-5,1.6199972831773608e-4,3.868718724415057e-4,5.975174115288736e-4,5.27761154576194e-4,0.0016066885236271785
2007-06-01,6.0154024379423516e-6,2.7570594507235777e-5,1.5389404570402516e-4,3.8949730785676725e-4,7.043033687757503e-4,0.002683370770858784,0.002194619322775968
2007-07-01,3.4474742818418574e-6,2.1177342017028553e-5,1.2854154108010355e-4,3.545973547037339e-4,5.456859291829683e-4,0.0023398500447186664,0.0015666308129341354
2007-08-01,5.1064888618193395e-6,4.178036341488551e-5,1.3973210430978376e-4,3.829866646364505e-4,6.62450873256018e-4,0.0012863709669183082,0.0015393742787084483
2007-09-01,7.759562205500366e-6,2.8128412994938824e-5,1.9107921931044652e-4,4.0446717996170655e-4,5.853619738774338e-4,0.0017580258121836765,0.0014549179135313185
2007-10-01,4.499008418544553e-6,5.893701028293364e-5,2.46095760494387e-4,3.329266229722969e-4,6.519063198471057e-4,0.0014216866602600787,0.001955718959541317
2007-11-01,2.726934339511506e-6,4.499441660193985e-5,2.113374113121417e-4,3.181423396096757e-4,6.012890218622871e-4,0.0014148244331498865,0.0020238397689741226
2007-12-01,3.01449065658621e-6,2.110143459610347e-5,1.7735253362915535e-4,2.72308989311621e-4,7.008690776562938e-4,0.0014394192885199151,0.0017830712233707431
2008-01-01,2.307700473401675e-6,1.2230812509028878e-4,2.2246232563592148e-4,3.032318422049801e-4,8.19695208152275e-4,0.0014187742510473498,0.0017081598904119199
2008-02-01,4.572551067393458e-6,1.9204714483052526e-5,2.533193291335976e-4,4.0329900414410306e-4,5.349884748850346e-4,0.0010969550010676906,0.0016909293847221008
2008-03-01,5.861656783763031e-6,3.156276729718555e-5,2.777523522152328e-4,3.192348463772481e-4,6.637199065922446e-4,9.522937790236554e-4,0.0017963723558855318
2008-04-01,3.1126162339833663e-6,2.134365417588594e-5,2.7213159074254576e-4,4.975739379753409e-4,7.31464814986091e-4,9.46679994592941e-4,0.002195728423344266
2008-05-01,1.2141900658437927e-5,1.3876457895357631e-5,3.3997321843626195e-4,4.110900651499698e-4,9.349263506997203e-4,0.001177330724559249,0.002220666902566451
2008-06-01,7.050614954636343e-6,3.1962787794351424e-5,4.0987574936285945e-4,5.255058346188955e-4,0.0014688781155492382,0.0020141256720411153,0.002606377328230568
2008-07-01,5.456559421022669e-6,2.1826237684090675e-5,3.719554671997119e-4,5.856707111897664e-4,0.0013623210021153262,0.0024531781730347747,0.002969732464891587
2008-08-01,5.296159004816415e-6,1.5888477014449246e-5,3.7426190300702666e-4,3.9147441977268005e-4,0.001267547388486062,0.0016263621610623743,0.002713840143384678
2008-09-01,5.308517782207441e-6,1.9906941683277904e-5,4.441459877780226e-4,5.441230726762627e-4,0.0012413084080728398,0.001949110779033832,0.0024180298497954895
2008-10-01,8.471356437828503e-6,3.854467179211969e-5,4.58300383286522e-4,3.346185792942259e-4,0.0010724737250290884,0.0015498346603007246,0.002467706130339443
2008-11-01,5.863853941321767e-6,2.210221870190512e-5,4.654997898033895e-4,4.379847828479566e-4,9.955019729613185e-4,0.0015670021993962936,0.0022467581909018245
2008-12-01,1.2317248743522193e-5,1.8475873115283288e-5,3.609901362524581e-4,4.448421757756669e-4,0.0013638984281769382,0.0018125305266429197,0.002062665424203678
2009-01-01,3.613707333973863e-6,3.116822575552457e-5,3.970560933203782e-4,4.851402095859911e-4,0.0014400623725885843,0.0018240187768233072,0.0020733645828675037
2009-02-01,7.419109679016857e-6,1.808407984260359e-5,4.558115509045981e-4,4.6554913235830774e-4,0.0011564537212167525,0.002012897194788261,0.0023759698747051485
2009-03-01,7.711490849673483e-6,1.2852484749455804e-5,4.896796689542661e-4,5.560841734931211e-4,0.0012385511136892243,0.0018151992627814747,0.002561928626724857
2009-04-01,7.798422898942404e-6,1.9062811530748097e-5,6.026447918016047e-4,6.481355920454353e-4,0.0016896582947708541,0.0021142390970466073,0.0025305882307068103
2009-05-01,7.775283927451417e-6,1.5118607636711089e-5,5.550688803763928e-4,5.200801027028614e-4,0.0011304398910077977,0.0019507323453539223,0.0023796688420183254
2009-06-01,1.4449816464753059e-5,2.7093405871411986e-5,6.13214086222958e-4,5.73477090944887e-4,0.0014097602188424703,0.0032083108119397028,0.0026221901315881565
2009-07-01,8.745488785368214e-6,1.9573236805347907e-5,5.751200005996907e-4,6.871455474217882e-4,0.0012630984517153236,0.0027340063750448725,0.0024703923559430594
2009-08-01,5.324770010895298e-6,3.1129424679080205e-5,5.595104488371522e-4,7.483349853773623e-4,0.0017219487019849104,0.002824585691933383,0.002330201276306412
2009-09-01,6.7754754889203045e-6,3.1087475772693157e-5,6.372932533402097e-4,5.591760065267756e-4,0.0013503124092036464,0.002948926067207137,0.0024722514386925085
2009-10-01,8.343418123952096e-6,1.5928343691181272e-5,7.46356675815351e-4,8.631645295506804e-4,0.0013383601163375882,0.003410182535026238,0.002683546665685683
2009-11-01,4.731805223124332e-6,1.3406781465518942e-5,7.697069829615581e-4,5.134008667089901e-4,0.0012728556050204452,0.003319361364021719,0.002555569137589066
2009-12-01,4.554111120311335e-6,1.9044464684938314e-5,6.0776682951064e-4,8.42510557257597e-4,0.0012561066490022357,0.003971598907013331,0.0025382959344207997
2010-01-01,1.2737560478534225e-5,1.2339511713580031e-5,6.945950948450695e-4,0.0011284682486451415,0.0014803433568646494,0.00468503396351087,0.0025530847784162036
2010-02-01,1.0056521842974953e-5,1.4246739277547852e-5,8.292440303019763e-4,8.003315300034234e-4,0.0013228516440946638,0.004211587543489219,0.0025355005696600604
2010-03-01,4.8214934761484425e-6,1.4464480428445328e-5,9.698619569329368e-4,6.123296714708522e-4,0.001352614362116413,0.004097898570612627,0.0025661471816516212
2010-04-01,1.4704108101586536e-5,4.524340954334319e-5,9.983712372564396e-4,5.768534716776257e-4,0.0014760662363515714,0.004989594015805031,0.0027681426072268807
2010-05-01,1.0881241752300163e-5,2.6640281531493504e-5,0.001030341029372974,7.511808961415492e-4,0.0015181208320622917,0.004728462364223677,0.0027034257525973336
2010-06-01,5.09432734893556e-6,2.7822864751878827e-5,0.0010780380413016712,0.001025919153808715,0.0015498511280800107,0.006052844633204512,0.0029241438982890115
2010-07-01,1.4298673877434945e-5,5.322284165489674e-5,8.84531853473545e-4,7.038125030781867e-4,0.0018008385377858344,0.005722647034057852,0.003149680106890531
2010-08-01,9.166184113568224e-6,2.5505903620363753e-5,9.540802072992317e-4,6.850726300532077e-4,0.0014247438350437566,0.005689809156061458,0.0027171757950568763
2010-09-01,1.027560309227149e-5,3.272969873834623e-5,9.289906351198041e-4,8.452634988124067e-4,0.0013472457387644842,0.0050426570730591576,0.0026564336882983334
2010-10-01,1.3015197288079121e-5,1.0486530386395178e-4,7.902084067762323e-4,0.0010858393166054581,0.001326434535045092,0.004913051044860038,0.002894951739648456
2010-11-01,1.4702715074892451e-5,4.1723921158478576e-5,8.066624757305859e-4,7.220225213805294e-4,0.0016308092612799627,0.005347814580483855,0.0022487206651031454
2010-12-01,1.2970982656540932e-5,2.3849871336220422e-5,9.531580158580723e-4,8.414401974936714e-4,0.0014209502290842904,0.005761208393481035,0.0022971191865938617
2011-01-01,7.489358213244102e-6,2.877490260877997e-5,8.242235802049167e-4,5.74315521931403e-4,0.0017998110316669773,0.006725443675493204,0.0024352239495485295
2011-02-01,2.1470980956455232e-5,1.4178949688225152e-5,9.726759486122454e-4,5.262415898572707e-4,0.0012919048730214288,0.006716771023736372,0.0022807853355630743
2011-03-01,1.9049534080145625e-5,2.716322452168913e-5,0.0010297331477767606,6.367483150863491e-4,0.0014431785911458472,0.005881014493520513,0.002531471417761574
2011-04-01,2.0671169919313533e-5,3.0241155993069797e-5,0.001047722075354836,9.344134402415618e-4,0.0015633529250088235,0.006076175557949328,0.0027155792482890777
2011-05-01,2.295482675214748e-5,8.256332847949819e-5,0.0012362284923454908,0.001370255061446739,0.0013684038657409208,0.006186696048844909,0.002490228463466838
2011-06-01,1.7909425029589483e-5,3.8154862019560206e-5,0.001310502709773874,0.0012396436803089766,0.0014327540023671588,0.006679436865383417,0.002834361178595901
2011-07-01,2.1680747777020737e-5,3.894504693279651e-5,0.0010631596317324243,7.901428078736446e-4,0.0014353458019046134,0.0068278295684447154,0.002762287864924123
2011-08-01,2.675930994620614e-5,3.669848221193985e-5,0.0011667059136545878,7.137090238509553e-4,0.001337965497310307,0.007430295820348697,0.00275773802788473
2011-09-01,3.9753862431759055e-5,5.4279312166440246e-5,0.0011807661639586897,9.063116137086607e-4,0.0012843555554876002,0.007145374523431462,0.003183366983958552
2011-10-01,2.3749475213209e-5,6.052285618850035e-5,0.0012702138678548555,0.0015276275346818948,0.001267149419440248,0.009556099324902013,0.00291045988177358
2011-11-01,3.001179694479907e-5,4.848059506467542e-5,0.001169690547592169,7.999298185671445e-4,0.0014517244855477807,0.007660703553473712,0.002688749192951999
2011-12-01,2.6710583317404365e-5,3.8396463518768774e-5,9.640851166125638e-4,0.0015467097152234465,0.0012107406594342198,0.007652582120436351,0.002487005718568947
2012-01-01,2.5391489673649737e-5,5.0782979347299474e-5,0.001072585668633688,9.423518990172265e-4,0.0013633591794125802,0.00830219804297141,0.0023634562404295585
2012-02-01,4.05447121867369e-5,9.513957216095689e-5,0.001270936225576327,8.618762085636052e-4,0.0011629508040096714,0.008208497770241546,0.00220466890425306
2012-03-01,4.721020379555512e-5,6.899952862427288e-5,0.0011210607624375282,8.566836211824195e-4,0.0012910174961015266,0.007680373846709195,0.002400457285297072
2012-04-01,4.323463600107352e-5,1.0074485936099209e-4,0.0012807241230506686,9.434123874573874e-4,0.0014194012573937346,0.008366309940132266,0.002459071891042191
2012-05-01,5.1148649809242255e-5,1.6413372699980723e-4,0.0013630733467821202,0.0014405597341797035,0.0012619211661892157,0.008036063615178935,0.0024368132864343475
2012-06-01,4.0501139611147733e-5,7.810934067864206e-5,0.0011964367262680886,0.0018229645594364555,0.0012650406974461551,0.00862798256797889,0.0024263488842555954
2012-07-01,3.558088694049055e-5,4.385551181037208e-5,0.0011410707695566622,0.0010107454278560281,0.0011054898826161716,0.00864863791400017,0.002204773796579932
2012-08-01,7.347346181549017e-5,5.354183121660719e-5,0.0011310223324150453,9.356141892887417e-4,0.0010438703005807139,0.009043488863885332,0.002204203854464705
2012-09-01,5.8998656645971755e-5,1.5100355477220743e-4,0.0011977139877150768,0.0011543932957722306,0.0012422724137134333,0.01085162704267377,0.002329415492469626
2012-10-01,6.711273470097702e-5,1.0761864558559038e-4,0.0012195456110455649,0.001520560125266515,0.0011945272543227154,0.009416035813579091,0.002325912941678239
2012-11-01,6.711528789224034e-5,7.479715819315941e-5,0.0011365124955728168,0.0012295035571102584,0.0010827394034663832,0.009250993387122599,0.0020708705095425
2012-12-01,6.798237578979849e-5,8.07842517502151e-5,9.535190370517191e-4,0.0011707094843801662,9.248251771404405e-4,0.009399225618937595,0.0019794348898795875
2013-01-01,1.0764820078672893e-4,1.8430676801364196e-4,0.0011013552663824047,0.001453658468957154,0.0016840419289742064,0.010008428364811597,0.0019070857389376183
2013-02-01,1.6110241534915981e-4,8.9454235891244e-5,0.0011450990101528437,0.002328353855519962,0.0013935358927702323,0.008845794463842682,0.0019417080586819787
2013-03-01,1.3443349957755054e-4,8.910127297581838e-5,0.0010383424662138133,0.002018847264004727,0.001206775135742663,0.008761234380898562,0.002141556911874933
2013-04-01,0.00011348990858347039,7.878975667845247e-5,0.001091217718142505,0.001581918689787582,0.0014696534924478182,0.009211461500997935,0.002295108870706009
2013-05-01,1.912638346841591e-4,1.349627894013482e-4,0.0012110714208706777,0.0019829148288967313,0.0012561921167356254,0.008665170097037447,0.0024081674049690263
2013-06-01,1.7934988937908284e-4,1.5316742377629702e-4,0.0012894864309372013,0.0017882624006702711,0.00121181178298227,0.009453615580312531,0.002486025108984513
2013-07-01,1.6747129140652145e-4,1.666080373271064e-4,0.0010471271983304665,0.0011986282892678096,0.001294449492082881,0.009239840039019084,0.0024140900330842127
2013-08-01,1.5511045278113458e-4,0.00016966505290805069,0.00102589138608863,0.0019074843080618346,0.001284963268347737,0.00894899984946385,0.002130793458580519
2013-09-01,1.697648043103452e-4,2.0842411618299806e-4,0.0011454922191831707,0.0011917153094656906,0.001179949431939231,0.010516593459096557,0.001966582386565385
2013-10-01,2.031973776587525e-4,1.6101668449206537e-4,0.001213506095718538,0.001379389783268298,0.0011283335422088811,0.00949106154609275,0.002088755478927296
2013-11-01,2.1208577941091988e-4,1.542049353354346e-4,0.001160640507692753,0.0018802635392581144,0.001249621506793872,0.00948079587024497,0.00202928511542261
2013-12-01,2.169302077612297e-4,2.4496567952698187e-4,0.0010373124553328293,0.0018884877620569764,0.001008817385669278,0.009192877151779908,0.0018213864689782908
2014-01-01,2.5650215694995616e-4,3.009798036938038e-4,0.0011836235895620031,0.0011775780841793441,0.0011434641609486262,0.009503966283352837,0.0019462209114031186
2014-02-01,2.2461855196803513e-4,1.829228926206753e-4,0.0012217276529199515,0.0012082774402272548,0.0010674985473770292,0.009098620546186237,0.0018960316492471468
2014-03-01,2.618562577541237e-4,1.8649891026539678e-4,0.0011564616399526975,0.0011349911107799318,0.0011606715476336319,0.009756882041333716,0.0019491872562726572
2014-04-01,3.025982791702387e-4,1.7676533139647608e-4,0.0013375100741258783,0.0015557917182232217,0.001143624613780591,0.010144960411841823,0.0022106366505152517
2014-05-01,2.8636616232748883e-4,3.0679049485604675e-4,0.0012863074423714693,0.0015216127733775633,0.0011544002947911996,0.008160371859014236,0.0022875252431984847
2014-06-01,3.086254587862762e-4,3.0124428189452665e-4,0.0012215847755845432,0.0018909652549550762,0.0012146649222485278,0.009152659345769386,0.002366589840917185
2014-07-01,2.6364494176780735e-4,2.31182835793069e-4,0.001061598600795497,0.0014507051953845905,0.0011190653019129393,0.008716514131325011,0.0021710130063375683
2014-08-01,2.527247974090515e-4,2.747949423882666e-4,0.0010472500166607958,0.001449272853635126,0.0010329693346154212,0.00862509920746542,0.0021157046824192686
2014-09-01,3.2039425846716954e-4,2.6071712445941407e-4,0.0012896186334867446,0.0014978537393861467,0.0012879256651460989,0.01080664016042568,0.002226253367948893
2014-10-01,3.058252876467911e-4,2.0361525730167935e-4,0.0012659557301800063,0.001337583231760439,0.001019685893285485,0.00918200185990063,0.0022256837710189496
2014-11-01,3.123725339350162e-4,2.185747207148598e-4,0.0011591344441059693,0.0011776358476310459,0.0010162863982844466,0.00929717040395018,0.0023419334741161062
2014-12-01,2.9354071499347714e-4,2.057025773771084e-4,0.0010083459675348451,0.0016577207706272854,0.0011423439427761422,0.009325631661525596,0.002071814847961595
2015-01-01,3.393969989801035e-4,4.4854980267219706e-4,0.0011085831624978255,0.0019421524250683058,0.0012232788820024081,0.009397800571005603,0.002128906050135247
2015-02-01,3.6808398839058694e-4,3.632349777650822e-4,0.0011117458906839044,0.001662769825400352,0.0012893960072364872,0.008543075083843802,0.0021190176433455703
2015-03-01,3.5597231754013506e-4,4.4576713637908805e-4,0.0012118291845989058,0.0016660145852441456,0.0012174413607763403,0.009238443727511208,0.0022629096086870075
2015-04-01,3.3900418655718334e-4,2.6922135156550977e-4,0.0012944922349047135,0.0020042951541395467,0.0011995215127266962,0.009279465389159051,0.0024015205225536886
2015-05-01,3.4696999911044144e-4,4.418281398149971e-4,0.0012470683564625587,0.0017538216236931182,0.001215027384491242,0.008278796928957156,0.002293459046367924
2015-06-01,3.715165366726045e-4,4.1470588494533903e-4,0.0012251672265122663,0.0016081421617062084,0.0012308964257729351,0.00866960060429831,0.0026226511384800344
2015-07-01,3.645783110249274e-4,4.4075228180670567e-4,0.0012606131696429553,0.0018779305513542456,0.0012020516776546518,0.00906029940333325,0.0026458346267497447
2015-08-01,3.605629894414377e-4,4.8288056054309e-4,0.0011496938865860526,0.0019260453360036294,0.0012501038330127823,0.008956110812416877,0.0026731866191879758
2015-09-01,3.971300850061134e-4,4.3944361237635413e-4,0.0013024632643652222,0.0019944657432327006,0.001355355173578023,0.01061143928581818,0.002441843141990975
2015-10-01,4.2205557675534233e-4,4.893459714348016e-4,0.001465482582860881,0.0017606233645878762,0.0013790272023549936,0.009700464048190144,0.0026473233754906234
2015-11-01,3.871491771160052e-4,5.055075019752739e-4,0.001360668986550067,0.0020599769517491056,0.0012590253869571837,0.009495770948632938,0.0025523837231101855
2015-12-01,3.325626923069676e-4,5.096782338188937e-4,0.001071172184569468,0.0020881733923467246,0.0014574348016965408,0.008785590331752482,0.0027076067356663594
2016-01-01,3.916068798229479e-4,9.293220574979664e-4,0.0011748206394688436,0.0019071942076991286,0.0016653597836681151,0.009263907311460753,0.002263533567350887
2016-02-01,4.1394004510581856e-4,6.750406889417964e-4,0.0012054298016817792,0.001628012551026071,0.0013000446691345377,0.00986996824033632,0.0022316372102078523
2016-03-01,3.886252925377958e-4,7.515987505846481e-4,0.0010893479047154057,0.0017182453803183736,0.0013035407227147849,0.00946809211060729,0.0021436383022931885
2016-04-01,4.4056325728632245e-4,5.728632245388058e-4,0.0014552996397773168,0.0019906123785612922,0.0016063748499072154,0.008355419714005021,0.0025045300731361205
2016-05-01,4.069918113247561e-4,8.729424363981797e-4,0.001196335929721094,0.002046398826455612,0.0012944539555864137,0.008289433216603682,0.002373312248957551
2016-06-01,4.08773742149326e-4,5.866785933837503e-4,0.0012014236009571552,0.0019198332673923495,0.0013675586655959178,0.007999380728151428,0.00236527442162816
2016-07-01,4.3007426776395274e-4,7.231548453522623e-4,0.0012148046742056157,0.0017575288056680064,0.0013770968507203147,0.010111279926796682,0.002210992240047313
2016-08-01,3.58065218640234e-4,8.662149878796705e-4,0.0013311653464125116,0.0016553836040867533,0.0013311653464125116,0.008823813652884272,0.0021394842168503533
2016-09-01,4.348739136038474e-4,9.621303684396003e-4,0.0014091717386935036,0.0021324594395579336,0.001505610098808761,0.009440594420815544,0.0020783818544465745
2016-10-01,4.3576059468720317e-4,7.991235301098657e-4,0.001309114636194889,0.002189800086235693,0.0015093537317556753,0.008661600968845638,0.0022131689509350067
2016-11-01,3.6915866476373616e-4,6.422159499644471e-4,0.0013431091845659336,0.001629565219801874,0.0016198626766729149,0.00760679381310407,0.002169211428117323
2016-12-01,3.3778143039368857e-4,9.661896185620038e-4,0.001019599502855023,0.002262943115586207,0.0015180917562565349,0.00778052098214522,0.001959805934463666
2017-01-01,3.6587703321408103e-4,9.427824971980901e-4,0.0011868578858067094,0.0017925614130501492,0.0018279688678773183,0.008163542784952115,0.0019483542142896934
2017-02-01,3.630119287744563e-4,7.597699863858474e-4,0.0012987438726671783,0.0017875806532479204,0.0015966739815418316,0.007374493325979891,0.002047907932847132
2017-03-01,4.509853247289852e-4,0.0010049412871851087,0.001304294744543751,0.0016405785993994684,0.001671860818455814,0.007813603159851705,0.002165859194387275
2017-04-01,4.068317277358363e-4,8.959814541831343e-4,0.0011524519819604627,0.001895693103274353,0.0018419246994917221,0.007219240904336969,0.002277781848738536
2017-05-01,4.811350208613919e-4,9.535720727443191e-4,0.0017144154644394983,0.0016288091381777663,0.0016306402895416537,0.007271959853837498,0.0022198132408723973
2017-06-01,4.900146075212841e-4,0.001037735526107949,0.0014822697359251618,0.002051508262027731,0.0019199574342600413,0.007339949345595761,0.0026985035971082293
2017-07-01,4.7081121985570543e-4,8.476622606414955e-4,0.001261895308154026,0.0019716482737090328,0.0025293474010917565,0.007843149141072621,0.002319199903817107
2017-08-01,4.1651411432734587e-4,8.635386965188481e-4,0.0014196613153155152,0.001761286099430841,0.002169016897251839,0.008654802717465672,0.0022873605301794754
2017-09-01,4.368272270396526e-4,9.492137582158937e-4,0.0012018651814226116,0.0017161406952022676,0.0024873178430463243,0.00851931154140036,0.0021095213223633817
2017-10-01,4.764394969710758e-4,0.0010198996695926282,0.001335854283373447,0.0019467910546090848,0.0022755115113709465,0.007648563637499299,0.0021597070786143406
2017-11-01,5.143230402370978e-4,0.0010920684535727398,0.0013226110944710968,0.0015943551310320116,0.002332276756718721,0.00833101479037517,0.0020633103423373044
2017-12-01,4.1761592750833086e-4,8.796161564909771e-4,0.0011418870288392043,0.0017284659221872584,0.0023180710179085615,0.008050707046966156,0.0019211341399507638
2018-01-01,3.927079252400468e-4,0.001110091936819535,0.0012241039151150324,0.0017730504772785387,0.0025049792268298805,0.008062945872461416,0.0025974086907155306
2018-02-01,4.62324592329863e-4,9.322365685601068e-4,0.001355612590201349,0.001989917884273174,0.002351077357931295,0.0076804558095586875,0.0021391364343139943
2018-03-01,4.2901380335626525e-4,0.001193049231893128,0.0011488449896817992,0.0017425777587518584,0.0021985794152476717,0.0071769077038688015,0.0022734939731005556
2018-04-01,4.973198659240914e-4,8.62434738699456e-4,0.0014394594199875813,0.0016723692996142192,0.0022770758928251826,0.007245024534287627,0.002245575786154367
2018-05-01,5.248308258082767e-4,8.146974964452948e-4,0.001501909490876877,0.0017359430949385464,0.0023114889562194313,0.0074476658055967065,0.0023677872983495747
2018-06-01,5.174964536272443e-4,7.432669652587381e-4,0.0013566524676463247,0.0019015457923479524,0.002639231913498946,0.00795523960085803,0.0023601897081117064
2018-07-01,5.725029641888447e-4,6.934689821230996e-4,0.0015084253874301707,0.002025659395149054,0.002365094212714571,0.008008784635647226,0.002262377378520398
2018-08-01,6.098263626508886e-4,7.383182049485675e-4,0.0013093930596049183,0.002296536736939467,0.002562698410270373,0.007862986905049628,0.002254725899366413
2018-09-01,5.891567798794543e-4,6.654315415602765e-4,0.0014976154931400057,0.001980513639505487,0.0028263744449038464,0.007859456650159757,0.002229853205275899
